geneA,geneB,weight
CXCL3,CXCL6,0.7749556236662183
GSTA2,GSTP1,-0.7937265562017765
FPR1,LILRB2,0.7055542060942223
AKT1,CRTC2,0.7755124398951029
JAK3,PTPRC,0.8736501534339646
PLA2G12B,PLB1,0.7910928611645811
CYP4F3,PLA2G12B,0.8953348422388859
CPS1,OAT,0.8715913206215894
BEST4,OTOP2,0.9493563264723106
DDX3Y,KDM5D,0.9344002617921565
FN1,MMP7,0.8924915119302933
BACH2,LEF1,0.786856754736599
CCL11,CCL15,0.7702839847141261
CYP4F2,UGT2B17,-0.9877508976027638
LPCAT4,PLA2G2A,-0.7403785036973481
CXCL1,TIMP1,0.7011992289216925
KDM5D,ZFY,0.925873228362848
CCL4,HLA-DRB1,0.8228847450324274
COL18A1,LAMA1,-0.8600542942084584
CD38,FCGR2B,0.7005413131205873
CXCL1,CXCL3,0.8232145056112367
APOB,CD4,-0.8061554639288894
CD40LG,CXCL1,0.723257336998263
MYL9,SRC,0.8384503474915803
CD19,CD52,0.8146516045554011
CCL18,CXCL5,0.7424953520310236
ENPP3,NAPRT,0.709071244174419
DDX3Y,USP9Y,0.9530185083624796
CD1C,PAX5,0.7197987654540131
CD79A,HLA-DOB,0.7103122241597926
CCL11,CXCL9,0.7682417682391385
GUCA2A,TMIGD1,0.7352839179233569
CDH1,RPL39,0.7836428096814467
KRT1,TRPV3,0.7154277635634548
CCL4L2,TNF,0.8228708753525418
RPS4Y1,USP9Y,0.9136686171697752
ALDOB,SLC2A2,0.90972610388963
CDH1,RPLP0,-0.7996108316086986
PDZK1,SLC16A9,-0.7944639713265679
CCL11,TNF,0.7478056927510013
EIF1AY,ZFY,0.8210432861435114
ALDH18A1,PSAT1,-0.8531989199632004
CYP2J2,CYP4F2,0.9111093973197069
BTK,PIK3CD,0.7515119981419808
FCRLA,MS4A1,0.849101416893806
GABPA,TFB2M,0.9325500412321527
CD79B,TNFRSF13C,0.8775704636020556
EAF1,POLR2E,-0.8114520887504508
NTS,PYY,0.813523368600984
FCN1,S100A9,0.7250819977479899
ITK,RHOH,0.7554649879661124
FOS,MAP2K1,0.8116857170265953
EPSTI1,IFI44,0.7578864173479373
APOE,TYROBP,0.7913230578419871
ABCC2,SLC51B,0.7437907587820122
ARSB,ARSL,-0.7445027832792397
NDUFA13,SDHC,-0.7674767990426841
MADCAM1,SELL,0.8758759289813349
PKLR,TKT,-0.7578123475819242
C3,LTF,0.8068527995569246
CYP2C19,MGST3,0.9730674871782728
CCR7,PTPRC,0.9183881687951666
CYP2C19,GSTA2,0.9830267766464267
NTS,SST,0.8199824369312775
ABCG8,CETP,-0.7032701059053814
CXCL1,MMP7,0.8358483005992093
CD19,FCER2,0.7333519136938857
CXCL13,MMP9,0.7280784611029681
BGN,COL18A1,0.7980997974574524
CD40,FCGR2B,0.8098670634264777
SELL,TLR8,0.719541487996859
CD83,LAMP3,0.7379989593122688
DERA,TKT,-0.8926033028656336
PCDH11Y,RPS4Y1,0.7731610292312076
ANK1,DTX1,0.7270012168037746
MT1M,MT1X,0.7069944672491537
ABCG5,ABCG8,0.9586365744089949
PLA2G10,SELENOI,-0.7147736022359801
SPI1,TLR8,0.8526315601376713
CD79A,TCL1A,0.7297881492843561
CD4,TGFB1,0.7835757110109977
SNRPA1,SRSF1,0.7377418419988304
TNF,TNFRSF12A,-0.7098580017460139
IGLL5,NT5E,-0.7256664514917299
CCR7,LTB,0.9394326365932028
ALYREF,PPIL1,0.9539775548629992
CR2,PAX5,0.9511746057151947
GUCA2B,PYY,0.907855432739723
CYP2J2,CYP4F3,0.8714252953135693
CD79A,THY1,0.9119305081479164
CHMP5,VPS28,-0.8194722440228155
CLDN7,MUC2,0.7735369244602205
MAOB,SLC6A4,0.9753539931832489
CD28,LILRB2,0.755988007216216
PTPRC,RAC2,0.8542717546965906
HLA-DOB,VPREB3,0.8148465764890321
S1PR1,SELL,0.782154193849895
GNG2,KCNJ3,-0.8666171576267283
IGFBP2,TGFB1,0.7416651058142764
HSPBP1,RPS10,0.7451439103808785
FOS,SOCS1,0.732442796061983
DPP4,GCG,0.7874939732830539
PPIL1,SNRPA1,-0.8621564200201751
CYP3A4,HSD3B2,0.7609609271050266
FN1,SRC,0.7078698003247013
PAX5,RHOH,0.9120924823667234
CCL19,CD83,0.9398002472781127
AKR1C1,UGT1A1,0.758307351956548
CCR7,JAK3,0.8774055710201129
CD79A,FCER2,0.8765791707410838
EIF4A3,SRSF1,0.8790310841338922
NDUFB3,SLC25A23,-0.7508475091474439
IMP3,RPL26,0.7149265124709915
GPR183,IGLL5,0.7278881519741733
CD40,CD5,0.7993817190596412
FCMR,VPREB3,0.9388315384427184
CCR7,ITGB2,0.7552169379442379
CR2,MS4A1,0.9302493937075442
RPS10,SELENOP,-0.827951732121485
SRC,SST,-0.7924937363084581
HLA-C,HLA-DRB1,-0.8383614551257756
FN1,MYC,0.8564553807806479
PTGS2,VCAM1,-0.7321521522577362
FADS2,PLA2G12B,-0.8960732151084593
FN1,TNF,0.7599333200876954
HSPA1A,TNF,-0.887383509263868
MRPL13,RPL39,0.7644204862220019
RNASE2,S100A12,0.805899728549084
CYP4F3,PTGS2,-0.9481924836607777
HLA-C,LILRB2,-0.736206079060112
COL18A1,MMP2,0.8254145614031028
AKR1C1,HSD3B1,0.9954837983590938
CDH1,TNF,-0.7689043707311174
S1PR1,SRC,0.9196220694827539
CCL21,CCR7,0.9163191489252692
FN1,NT5E,-0.9313953839506796
BTK,CD40,0.7039650369681675
CYP2C19,PLA2G12B,0.8285599538901086
ACE,ACE2,0.7324402760336315
HSD3B1,SULT2A1,0.7268224893693851
PLA2G2A,PTGS2,0.8192912406857059
LTA,LTB,0.8533015247089275
CSF2RB,IL2RA,0.7744488954873963
HDAC7,RUNX2,0.7406606031357554
GPD1,PLB1,0.8975242038070087
LILRB2,LILRB4,0.9148616289815272
MYC,PTGS2,0.7383133395997761
CXCL9,SRC,0.7490620465862883
FERMT3,WAS,0.8754163105404549
CD52,TYROBP,0.7102166556972055
IMP3,RPLP0,0.7182341413615694
LPCAT1,PLA2G12B,-0.8784010651086508
ASF1B,TONSL,-0.7285435438855848
CDK16,TDRD7,-0.9458520423889663
CYP2C18,MGST3,0.9088207257308536
CD38,ICOS,0.700508292576668
ITGB2,RASGRP2,0.8605182988988168
GNG2,GPR183,0.8344727856261692
CCL11,CXCL1,0.862253784455309
LDHD,PKM,0.7724825363086262
CXCL9,TNF,0.8203138592355991
COL17A1,HLA-DQB1,-0.8589534201683103
CXCL1,SRC,0.8017642030846818
EEF1D,RPS4Y1,-0.9501693728795969
DERA,PNP,-0.7631355183495323
RPL41,RPS10,0.8069040662226942
CXCL1,CXCL9,0.8277993527654991
CHAC1,MGST3,-0.9184718975768877
MNX1,SLC2A2,0.9604460981928449
LY86,TYROBP,0.778870583837867
RPS10,RPS28,0.7004929029850308
NR0B2,SRC,-0.900293818064993
CXCL9,HLA-DQA1,0.8819207224803113
CLDN18,CLDN7,0.8665727055992342
NDUFA13,SRSF1,-0.8147737573731958
MRPL13,MRPL39,0.8420499234505674
FABP1,MTTP,0.7541808630277858
ABCG5,MTTP,0.761445736810118
CHST2,LUM,0.7364335702922564
C1QBP,SERPING1,0.8671431430578292
CCL18,CHIT1,0.8476781114714598
CD53,PTPRC,0.720784944544127
IFNGR1,IFNLR1,-0.9158304033190332
IFITM2,IFITM3,0.9528245245966284
NOS2,PTGS2,0.7281139388399498
CLIC1,S100A11,0.8999749433528607
CXCL1,TNF,0.8556322152216682
CD28,LILRB4,0.7557233977308138
PPP1CA,PPP1R37,0.7042589207595153
DPP4,MGAM,0.7462568500407991
LY86,SPI1,0.9323987125358333
CLDN7,TNF,0.7221649323923555
ALDOB,DERA,0.9338226202740949
HMOX1,PTGS2,0.7887828918620818
ABCC2,UGT2B7,0.7440777593096856
REG4,SPINK4,0.9166120616454145
ITGAX,PTPRC,0.7798510091291218
MUC2,MUC3A,0.857313314284129
CCL11,DPP4,-0.7363408099771627
ACTN4,ZYX,0.8163472886522443
ANPEP,MME,0.7141772420856912
LILRB2,PTPN6,0.8539683555384519
IL16,TNF,0.8091005930804587
LILRB2,RNASE2,0.8711730071601277
CYP4F2,PLA2G2A,-0.8362850994273985
CASP8,CASP9,0.8007245242518336
CCL19,CCR7,0.9478668889477453
PPIL1,SNRPG,-0.7248944948380569
CCL25,CXCL3,0.9440605812375245
MT1F,MT1G,0.8977454671262072
CD274,CTLA4,0.7482035281717707
ALDOB,PKM,-0.7103641828548717
PDXDC1,RRN3,0.9228471192262525
CD40,ICOS,0.7399244686124576
MYC,SGK1,0.810412850361637
CD4,IL2RG,0.8394048603689318
IPO4,SRSF1,-0.9005007001406315
MME,THY1,-0.7736073889064462
HBA1,RPS10,0.8413793082898814
CD40,PDCD1LG2,0.8669149525058903
HLA-DRB1,PTPN6,0.7853608192153098
PIM1,SERPINA1,-0.7873091961811811
CCL11,CXCL6,0.826261572788379
SRC,TYROBP,0.7637099601703169
HLA-C,LILRB4,-0.7007676516016651
KRT1,LRRC26,-0.7596717652898434
RPL30,RPS4Y1,0.7870599934664861
MEP1B,NTS,0.9236765124963952
CCL21,CCL22,0.7362050211342728
SELENOF,SELENOI,0.730472010891632
NIBAN3,SPIB,0.7816800413688905
EPHA1,FN1,-0.8952571600397109
ANPEP,TNF,-0.8283645808627585
FN1,GAS6,-0.712566928496146
HLA-DQA1,HLA-DQB1,0.9362238711575168
CSF2RB,IL15,-0.7660502716776791
CD38,IL21R,0.7812247833772695
MS4A1,TNFRSF13C,0.936673408648606
RPL26,RPS10,0.7403762666281258
ANPEP,NT5E,0.9403696550786753
CXCL3,PTGS2,0.864113987691799
IL2RA,SELL,0.8287006855535511
NPY,PYY,0.9019750655051013
CD40,CD83,0.8524472456030971
PCDH11Y,USP9Y,0.8541118218272102
MUC17,MUC3A,0.8140629141364172
BGN,TNF,0.7808680363847474
MGST1,MGST3,-0.9222397831390496
CDH1,KRT1,0.795668942589604
CD38,ITGAX,0.760897888312648
SELENOI,SELENOT,0.7297478663538501
SULT1A1,SULT1A3,0.7510343088069402
ICOS,PIK3CD,0.7856204698826568
THY1,TIMP1,0.7934586983089749
CCL21,PTPRC,0.8128119739179084
CD6,SPOCK2,0.9194341919824698
C1QC,SERPING1,0.8901546260188649
SDF2L1,STIP1,0.7894253560927004
AKR1C1,UGT2B17,-0.9892171109460135
CCR7,TNFRSF9,0.7177872329228412
BTLA,TIGIT,0.7867894795385749
CD40LG,LILRB2,0.7410021279601836
RPL26,RPL41,0.9423251467098984
CD79B,TCL1A,0.7612438111534336
CD274,CD40,0.7011519029801718
EIF4EBP1,SRC,0.8473628562852117
CCL21,SELL,0.7972728556678138
LILRB2,TLR8,0.7880687015817924
CYP2C19,PTGS2,-0.9549694407435856
AKR1C1,HSD3B2,0.9950137421138646
HBA1,RPS28,0.7040861129250753
S100A8,S100A9,0.8012466465473278
IFNLR1,IL11,0.7598150986453114
ABCG5,SLC51B,0.8241391595925299
POU2AF1,SPI1,0.7898802584281809
GSTA2,GSTZ1,-0.7384637387650129
NPY,UCP2,-0.9343465627348092
FN1,PCOLCE,0.8589925111431483
UGT2B15,UGT2B17,-0.9824280228436012
NR0B2,SREBF1,0.733463340803421
CD37,CD4,0.7972803972817005
APOB,SOAT2,0.7940398322566509
ARPC1A,WAS,-0.7182168593406152
CD79B,VPREB3,0.9476930800576692
MUC17,PDZK1,-0.999763283279391
CD48,IL2RA,0.8261503368183997
MYC,SDHC,-0.7827875011989482
CCL21,LTB,0.8308282736421198
CXCL3,CXCR1,-0.9734087956980512
CD79B,PIK3CD,0.7009325584187741
IL2RA,JAK3,0.7050792174764737
ACTN4,HDAC7,0.7033011516164186
AKR1C1,DHDH,0.9304770052722509
ACE2,PTGS2,-0.8591976096425075
SLC2A2,SLC5A11,0.7613605752563007
ACE,SERPINA1,-0.7272229865462564
CYP7B1,GPR183,0.7020116471636758
LPCAT1,LPCAT4,-0.8456230336347261
EEF1D,RPLP0,-0.7982109614204367
CD3E,CD79A,0.7009271494069431
IGLL5,IL15,-0.7522028931023524
SLC15A1,SLC22A5,0.9829147257622713
IL2RA,TNF,0.807614370908558
CSF3R,SELL,0.7306611485500214
IFNGR1,SOCS1,0.7977666553471214
CYP4F2,CYP4F3,0.9001483057190005
LOC102724159,RPS7,0.7416780566611718
IL11,IL2RA,-0.8568639836363403
PGAM1,TKT,-0.7313556322234517
SLC15A1,SLC22A4,0.9535786884547293
CD79B,SPIB,0.8256209157454703
CD36,S100A8,-0.7558598020420941
ITGB2,PIK3CD,0.9241407211492436
FCN1,LILRB2,0.8312221946151166
MUC2,SPINK4,0.906349719602762
DPP4,XPNPEP2,0.7324069581829374
APOB,FABP1,0.7498648490238711
CXCL5,CXCL9,0.7936310627654322
CXCL9,HLA-DQA2,-0.8132385435546468
CMTM2,CXCR1,0.70443747487802
CDA,CES2,0.8432601640093718
CD22,PAX5,0.9785146601915977
CD36,S100A12,-0.7668324412010362
HSD3B1,UGT2B17,-0.9947295622699649
TNFRSF13B,TNFRSF13C,0.7987975937590621
IRF8,KLF4,0.7329022603231814
RPS28,SELENOP,-0.7986548249400057
GCG,NTS,0.924937109623261
ABCG8,CYP7B1,-0.7109506917080598
CD3E,CD7,0.8270977364728956
ACE,ANPEP,0.763280769677841
CCL4,IL2RA,0.7235643262829916
EEF1A1,EEF1D,0.8284746710229796
MMP7,PTGS2,0.8639440562832282
CXCL5,TNF,0.7091961603233972
CYP3A4,UGT2A3,0.7361117672674151
CASP9,FOS,0.7538713239521653
CD28,CD38,0.7757382648951818
ACSL1,FABP1,-0.8829478044180831
ALYREF,SNRPG,-0.7597262138633394
BAK1,C6,-0.7200406576990849
CXCR1,FPR1,-0.7160154147635356
KLHL12,ZSWIM8,0.9075436116437448
GCG,SLC2A2,0.9417495316695773
HSD3B1,UGT2B15,0.9855873176274459
CCL19,PTPRC,0.8071093200754439
CTH,PSAT1,-0.8563584242801229
ITK,PTPRC,0.8457829947641134
CYFIP2,SRC,0.7131346351899508
GCG,MGAM,0.8619146453538072
CD79B,PAX5,0.9471791757823044
HSD3B2,UGT2A3,0.8595311579897594
HSPBP1,RPS4X,0.8544583241095753
CD22,MS4A1,0.9759027092986349
ACKR3,CCL25,-0.7355721306172807
EPHA2,GIT1,-0.7183437914826133
CD24,PTPRC,0.7488515131715585
PLA2G12B,PTGS2,-0.8436455113378459
ICOS,MS4A1,0.7128618494567559
ID1,MYC,-0.7500926732982676
MYL9,TAGLN2,0.798699504355037
CDH1,RPS10,-0.8089933522316507
ALDH18A1,GPD1,0.9541254465201991
PKM,RPS4X,0.8817660740972889
SLC15A1,SLC2A2,0.9501473965219338
CD3E,CD4,0.8414245749136947
BGN,LOXL1,0.8737552420807156
GNB2,RASD1,0.7527377812920523
CSTA,S100A9,0.7976845925486263
CCL19,LTB,0.9746169559956396
CDK8,SREBF1,0.7718294077458289
BTK,TLR6,0.790553689728163
BACH2,TCF7,0.930988005051666
CCR7,CD40,0.7739179994967803
CCR7,MS4A1,0.967073489376409
ABCG5,CYP7B1,-0.7151570250514121
CXCL1,CXCL6,0.8386790629946949
ASF1B,ESPL1,-0.7752373212638581
MMP2,POSTN,-0.8556975842337923
CD36,GP1BA,-0.7697840082410933
CCL25,CXCL9,0.8762624139807921
MEP1B,XPNPEP2,0.9448364386979653
MT1E,MT1X,0.8040782543946547
WAS,WASHC1,-0.9115475641858388
SLC2A2,SREBF1,0.7096500205928307
SRC,WAS,0.8839691378062422
MT1G,MT2A,0.7375577985623782
LCN2,MUC1,0.7592031985588454
CYP2C18,UGT2B15,0.9003945840812381
TNFRSF12A,TNFSF13B,-0.8484645006167381
FABP1,HMGCS2,0.9855430802026494
AKR1B10,DHDH,0.8546724859215691
AGXT2,CTH,0.9793972981986964
CD79B,MS4A1,0.9547592916267188
APOA4,CREB3L3,0.8361010685265761
BTLA,POU2AF1,0.7778406397196567
CCL11,CD4,0.8043792401003071
HLA-DQB1,PTPN6,0.7660332577596641
MMP2,TGFB1,0.7371341265099297
ALDH18A1,FADS6,0.9464195472945364
LGALS9C,TIGIT,0.8862605689967811
CD40LG,SELL,0.7909056074581919
CYP2C19,RBP4,-0.9473905566702157
PAX5,PTPRC,0.8757341267376763
ANPEP,DPP4,0.719063797700063
CCL19,ITGB2,0.7829635918128204
GNG2,SST,-0.7065237054150262
CD36,TIMP1,-0.7928181737751521
PAX5,TCF7,0.8868160901394488
PGGHG,TREH,0.8036174312934473
CHIT1,HEXB,0.7895514166353969
DPP4,NPY,0.8084940556055811
RBP4,RETNLB,-0.9143089013467557
MMP1,TNF,0.7175335398025998
CDK8,MED24,-0.8580087255369325
ASAH2,SMPD4,0.733733911097895
CHCHD3,MTX2,0.8682746581051027
USP2,USP5,-0.7803300901506837
CDH1,RPS28,-0.7123965974386427
FCGR2B,FCRL2,0.7302997300671376
CD38,RARRES1,0.7029922439529518
CD19,SELL,0.7620073392793796
CD38,PTPRC,0.8838350147290067
DEPTOR,EIF4EBP1,-0.7908461424940849
CD4,MADCAM1,0.8717711862585986
MUC2,REG4,0.9180587437317239
PREX1,S1PR1,-0.9547600771425955
SRSF1,TONSL,0.7562336346208914
MT1E,MT2A,0.7606245907004711
FN1,SDC3,0.8713232418931262
HCST,TYROBP,0.7973605757649768
AKR1C1,CYP3A4,0.8424471504122206
APOA1,APOC3,0.8894151236841619
IFITM1,IFITM3,0.9029984200111413
CXCL1,CXCL5,0.7180453792268845
CD38,SELL,0.7342440805816356
CYP2C19,UGT2B7,0.9722915162176964
PKM,TKT,0.8992611538290147
TMSB4Y,ZFY,0.9621556018233941
CD36,UCP2,-0.9143837759704144
CCR7,CXCR4,0.8885418401481645
AMN,CUBN,0.815659109558154
ALDOB,APOC3,0.7136636938999948
CTLA4,VCAM1,0.8748123396033667
MMP7,SOX18,0.7355058676786723
CNN2,FSCN1,0.7214755391948934
IFITM1,IFITM2,0.8764571308150056
NPY,TNF,-0.835929541202636
CCL23,CCR7,0.8589538218756027
SNRPG,SRSF1,0.7131998426546176
FOS,ZFP36,0.7695480278451065
IFITM1,LY6E,0.7123235435387798
CDHR1,TM4SF5,0.7993940434847407
ACTN4,PDLIM7,0.720637707123219
CD22,CD37,0.7362833758281793
FABP6,NR0B2,0.9450343930831835
CYFIP2,WAS,0.784853697719593
THY1,TNF,0.7618551352231574
MRPL32,MRPL39,0.8309972778652416
CD40,TNFRSF13C,0.7444360689975585
CD48,SLAMF6,0.8108546626442882
ABCG5,SOAT2,0.9031040727789539
AKT1,PLAU,0.8895887674658275
PLEK,SRC,0.744448814439848
CD36,FABP1,0.8828925784926276
PIK3CD,TXK,0.7381120392642742
KDM5D,TMSB4Y,0.9507173139453516
CD5,CD79B,0.8657854455726083
CCL22,CCR7,0.735071232938368
ENPP3,NT5E,-0.9319362171670482
ACSL6,CD36,-0.7561188733156655
LPCAT4,PLA2G12B,0.7099970144366223
RPL39,RPS4Y1,-0.8470188079297422
CR2,FCRL4,0.8959675067426017
CDK5R1,NTRK2,0.7629037380247133
COL6A2,PCOLCE,0.7322721266725837
MS4A1,TCL1A,0.8023603419090561
CCL2,CD9,0.7569423328200992
GCG,PCK1,0.7980137864291608
MYC,SRC,0.7606553843614423
CD28,TIGIT,0.7360131333176495
CD22,CD5,0.9355507822276303
TLR10,TLR6,0.7658764523118552
MTTP,NR0B2,0.7523943053749105
HSD3B1,UGT2B7,0.971570221121402
GCG,GNG2,-0.8442283294208107
CD19,NT5E,-0.7591419544393917
CXCL11,CXCL9,0.7758502023290748
CD79A,MME,-0.8954023991766763
CD5,CD6,0.9012768087900098
MS4A1,VPREB3,0.9539028528613558
CD4,FN1,0.7716949761145772
BATF,PDCD1LG2,0.807968476809121
APOD,FN1,0.8369265660119469
KHK,SLC2A2,0.8690110450926779
AREG,IL33,0.8285352583969627
CD4,IGLL5,0.8346610160003378
EBF1,SPI1,0.7315802807416619
AKT1,GNB2,0.8695175370275283
CD4,LILRB2,0.8741920268542172
HSPBP1,STIP1,0.7391353030537138
SLC10A2,SLC51B,0.7623752001810553
ID1,ID3,0.9124325496361851
ATP13A2,FA2H,-0.8335438795881362
CASP8,FOS,0.8080929315071077
CST7,GZMB,0.7727432174187155
EIF1AY,TMSB4Y,0.8685022324988584
CCR7,CD5,0.933029812590609
AADAC,KYNU,-0.929492122626916
IL21R,TNFRSF9,0.7507738544165358
MYC,TNF,0.7067081521330244
ADAMTS4,BGN,0.8477319257458503
CXCL11,TNF,0.7091718419421602
CD79A,SRC,0.855049981730194
RPL26,RPS4X,0.9456892536855342
TNF,UCP2,0.8271363320864418
AKR1C1,UGT2A3,0.9002446826962962
IFITM3,TRIM22,0.8920514343140123
BTLA,LGALS9C,0.84011242133896
CYP2C18,RBP4,-0.8372666008796592
CR1,SELL,0.7451946843947523
SRC,TGFB1,0.7241355154801217
CYP2C19,CYP2J2,0.8695879295085076
CD79A,CXCL9,0.862631226519326
NPC1L1,SOAT2,-0.8498099086090151
C1QC,LY86,0.9158988397591867
CD40,LTB,0.832362466715809
IL15,IL2RA,-0.7570580635132221
FN1,GZMB,0.7556263996052701
TAGLN2,TUBA4A,0.937735828347538
PCK1,SLC2A2,0.8100465320137786
GCG,SST,0.8487698501469036
ACE,TGFB1,-0.8103101575032037
CDH1,FN1,-0.8786144261472886
PTGES,PTGS2,0.8950368132882234
CD48,HCST,0.8153471689736836
CHUK,HSPB1,-0.7478303301643808
GZMB,SRC,0.7333085847499476
EDN2,SSTR1,0.8492065916802187
CXCL13,LTA,0.8055035114065792
CXCR4,SELL,0.7541971044216085
CD19,FCMR,0.7900354068622343
PKLR,SLC2A2,0.8369355282987238
DHRS9,LRAT,0.7360861451636935
AGXT2,KYNU,-0.9277753931482218
ITGAL,PTPRC,0.7506407263588615
PTGS2,TNF,0.8625182839266546
GNG2,S1PR1,0.8750793446224691
MT1F,MT2A,0.705766430765479
PWP2,RPS28,0.8902051223299686
SLC35A2,UGT2B15,0.8645533415182411
CYP2C18,UGT2B7,0.8469767174042017
CCL11,CXCR1,-0.7507298519092047
ABCC2,CYP2C19,0.7648921102435724
CD5,FCGR2B,0.7523130480343582
LILRA5,PTPN6,0.810984626319688
ANPEP,CHAC1,-0.8330358373796755
HSPBP1,RPL26,0.8664764099900388
AMY2B,MGAM,0.8234819951783008
GZMB,TNF,0.7075069480837848
IGLL5,TNFSF13B,0.757479211483808
BTK,INPP5D,0.7371217873896208
CYP2C19,PLA2G2D,-0.7386415166734674
CD3E,PTPN6,0.8341790670595008
IL21R,IL23A,0.7127172574546156
CXCL9,HLA-DRB1,0.8694163731148299
POLR2E,SRSF1,-0.8881516693306046
PKM,RPL26,0.8163238987338636
CD22,FCRLA,0.7008059392215468
BGN,SDC3,0.9270296401273463
AQP3,GK,0.9432689222826719
FGF19,IGLL5,-0.7513354793674799
SLC25A34,TMEM82,0.7507547442253836
CXCL6,CXCL9,0.7969068137729792
ATP5MGL,NDUFA13,0.7150887416901197
PLEK,WAS,0.900038306568626
DGAT2,SOAT2,-0.7509044281308962
DAPP1,RAC2,0.7014876004055266
CD28,CD6,0.709301297548789
DPP4,ENPEP,0.8840761308362916
CD22,ITGAL,0.754795479902992
ITK,PIK3CD,0.7870022263203795
CYP4F3,PLB1,0.9088010221270981
SLC35A2,UGT3A1,0.8827435704240985
MZB1,POU2AF1,0.8920880892677584
CD36,SRC,-0.7978245200758852
CCL15,GNAI1,-0.7824865491360145
CASP8,CCL2,0.7447628963691101
C1QC,TYROBP,0.8307370011859352
ENTPD8,NT5E,-0.7189079414797479
CDH1,MMP7,-0.8724622150873494
PKM,RPLP0,0.8670908516321243
CCL25,CXCL6,0.9104012863189092
TNFRSF9,TRAF1,0.7200245870927928
COL17A1,COL4A3,-0.7525379998431596
CYP2J2,PTGS2,-0.8506690101192538
CD52,HCST,0.7625245195726461
PWP2,RPS4Y1,0.9190009637088914
LTB,TNFRSF13C,0.9699895202760326
CD40LG,IL2RA,0.700604116893525
CXCL1,VCAM1,-0.7635516121687378
LOXL1,PCOLCE,0.8734337291169423
BANK1,NIBAN3,0.7678892622580069
DDX3Y,EIF1AY,0.7187396629749945
FABP1,FABP2,0.9602406978443109
CD36,TNF,-0.7771963977055791
DDX3Y,ZFY,0.9265867584711078
ALDH18A1,OAT,0.9326888803180596
PAX5,TCL1A,0.8058971199496
PTPN6,SRC,0.870200955316571
CYBA,SRC,0.8448642254187823
PRAF2,RABAC1,0.7327214375482716
CCR7,CD28,0.7837149483078102
RPS4Y1,ZFY,0.8679448783461573
ANPEP,THY1,-0.9367366565463493
GNAI1,NRAS,0.8554534280366827
ACE2,MEP1B,0.9154291940324639
CD28,FCGR2B,0.7070415445835763
CD83,ITGAX,0.7019264081737779
PTPRC,TNFRSF9,0.7682714207628966
C2,SERPING1,0.8715778498154669
DPP4,MEP1A,0.7322132609113272
ABCG8,NPC1L1,-0.8206083648588239
CXCL9,PTGS2,0.784806629916402
CCR7,LTA,0.8812666266982573
ACE2,MME,0.8782994267085726
FCRL3,MS4A1,0.8272695464831983
CYP2C19,SLC35A2,0.869268428129057
SERPINA1,TGFB1,0.727988190559893
IFITM3,LY6E,0.7126303262883689
CD4,SELL,0.7994034436319628
KDM5D,RPS4Y1,0.8994368144028249
SH3BGRL3,TAGLN2,0.8805546471750137
TGFB1,TIMP1,0.7807196523321687
EEF1D,RPS10,-0.7548576204176407
CCL25,CXCL5,0.8458650402545997
BGN,FN1,0.9365211327920129
CD5,CR2,0.85670686981348
DNAJB9,HSPA1A,-0.9987906571228895
CXCL1,PTGS2,0.8353118685656653
EIF4A3,NUP37,0.8412211837206076
PAX5,SPIB,0.8505362278082415
LILRB2,LILRB3,0.7800268543737701
CCL21,CXCR4,0.86035493134263
PKLR,RPS4Y1,-0.807648923512465
CD4,MME,-0.8857955518753683
CD4,PTPN6,0.8644480096033819
BCAT1,CTH,0.7767053899421307
C1QBP,PHB2,0.8321766923038976
MMP2,PTGS2,0.9334363603261098
NPY,NTS,0.843269561761777
GSTA2,MGST3,0.9790984999975232
IL15RA,IL2RB,0.7591640454665521
AKT1,CASP8,0.8570275677989029
ACE2,TNF,-0.7871021032971373
CCL19,CD40,0.794010196274689
IMP3,PKM,0.7169960201263782
EEF1A1,RPS7,0.8799166022839819
FCN1,MASP1,0.8003139158493074
C3,CR1,0.8341420168876916
NR0B2,SLC51B,0.8509397774266309
CXCL9,CXCR1,-0.7355156752742146
ABCG5,NPC1L1,-0.8349145187244318
EIF1AY,RPS4Y1,0.7646317632868042
CD4,SRC,0.7953456791965096
CCL21,CXCL13,0.8761309006857557
EIF4A3,SNRPA1,0.8305051420166926
SOCS3,TNF,0.755186152860709
FCRLA,HLA-DOB,0.7561732097783892
DLL1,LGR5,0.8269017706704839
DUSP1,SGK1,-0.8604672900789176
TUBAL3,TUBB4B,-0.8317904618184637
CD36,DDOST,-0.9108857290568628
CD5,ITGAL,0.7949447920108046
APOB,SLC2A2,0.7740883603467831
CYP4F2,PLA2G12B,0.7420382011418567
GZMB,IL2RA,0.7623325117510613
GCG,SRC,-0.79527780654458
CD4,JAK3,0.7026319115753542
SLC35A2,UGT2B7,0.8523051162491488
MGAM,SLC2A2,0.8940861419935822
CTSL,LGMN,0.7474231282217035
CYP7B1,NR0B2,-0.7524414734609799
CD5,ICOS,0.7193018433431735
CD4,TNF,0.732240944272477
BTLA,CCR7,0.7973700525581576
ACE2,ENPEP,0.9002584418323066
CXCL1,CXCR1,-0.9843273915539859
MT1E,MT1G,0.7697247235137631
CD1C,CR1,0.7341447135498205
PSME2,TNF,0.7787697852561533
CYP3A4,MGST3,0.7323103087722698
ACE,GCG,0.8663638212728965
EEF1D,RPS28,-0.707143709821615
CDH1,SRC,-0.7741316004409694
CXCL9,IL16,0.8016889462448552
SLC2A2,SST,0.851805662730872
FCN1,SERPING1,0.7510748434599517
LEF1,PAX5,0.8343373611311384
CYP2C19,MAOB,0.9782898939699421
HLA-F,TAP2,0.8687157026804974
FN1,SERPINA1,0.7698045983133072
CD4,NT5E,-0.7850099807538207
CD4,HLA-DQA1,0.7494586091755538
GCG,TNF,-0.8179303447050061
CD79A,SPIB,-0.7382710723275391
PCK1,PKM,-0.773947903093468
FGF19,NR0B2,0.986445312900841
EEF1A1,RPL39,0.7910545266899011
CD38,PAX5,0.7358970065477175
CDH1,MYC,-0.77477405900176
BANF1,H1-0,0.9007873416870602
CD36,GAS6,0.767105586818162
NR0B2,RUNX2,-0.8278723087069007
ANPEP,MMP2,-0.9222297695668863
CRTC2,NR0B2,-0.9474648487230684
CCL25,MADCAM1,0.8243092310915812
CCL18,CXCL1,0.8231032922099023
CD19,MZB1,0.7470248315938668
CXCL1,S100A8,0.7958963248647357
CD4,ENPEP,-0.8727709824954123
CD28,LGALS9C,0.8546300371839333
CD36,S100A9,-0.8235172619411973
CDK8,KAT2B,0.8801288435093599
CCL19,CXCR4,0.7516798332211087
ALDOB,PKLR,0.8199634382868406
C1QBP,SRSF1,-0.8876664559928458
ANPEP,SFN,0.7372206488272245
CRYZ,HMOX1,-0.7062034814420958
FN1,PKD1,-0.865593805460941
MAP2K1,NRAS,0.8349732059559748
APOB,CD36,0.8381092126612734
LPCAT1,PLB1,-0.8658471067220931
DERA,PKM,-0.7947606358252588
HLA-DQA1,HLA-DQA2,-0.9685727538881881
DUSP1,HSPA1A,0.8387447459007081
HBA1,HBA2,0.7570129718302414
CD19,MS4A1,0.7154053857435247
BMP4,FN1,0.7637147116588573
ALDOB,KHK,0.9199268505657312
CDH1,PKD1,0.8293092846475391
PDZK1,SLC22A5,0.9845819827739083
SERPINF1,TIMP1,0.8751990942324492
PWP2,RPS4X,0.7643988908202609
NDUFB3,SDHB,0.9192750701844137
DEFB1,SLPI,-0.7364400472473293
FCRL1,FCRL3,0.9319098564343995
ATP5MF,ATP6V0E2,0.7596801387981134
ANPEP,CXCR1,0.8909335015183263
PDZK1,SLC22A4,0.9540743845932722
CD24,CXCR4,0.7203707982215823
CD38,CD40,0.7122837276020629
FCRLA,VPREB3,0.8700435714302149
MS4A1,TNFRSF13B,0.77750675911771
ABCC2,PDZK1,0.7232194974193652
CD40,CTLA4,0.7816091440708294
CXCL9,ITGAX,0.7056841337369215
GRIA4,GRIK2,0.7834622282045245
HSD3B2,SULT2A1,0.8533530119334337
ACSL1,CD36,-0.8630534093231778
FOLH1,STEAP1,-0.7459761121552521
BANK1,CD19,0.7560579905243384
CD28,ITGAL,0.71430397039001
CCR7,CD38,0.7541624691642235
CD40,CR2,0.701183041319746
BCAR3,SRC,-0.7698598719186422
PLB1,PTGS2,-0.8628679154563125
FSCN1,WAS,-0.8252034721718359
FCRL1,MS4A1,0.770663217787566
AGXT2,GATM,0.8354268113967307
AREG,SRC,0.8931148645833716
ASF1B,IPO4,0.8298537133134618
CD40LG,CD79A,0.7604564254380228
CD79A,MZB1,0.9407937633833945
GPD1,GPD1L,0.9588241602652614
NOS2,SOCS3,0.7199885009541709
FCRL5,MZB1,0.8659397452840887
MYC,PLAU,0.7741315646598297
CXCL13,PTPRC,0.7184868469067631
HBA2,RPS10,0.7480806904061215
AKT1,MYC,0.7844931129959595
HLA-DQA2,HLA-DRB1,-0.9682503339606906
HSD3B2,UGT1A1,0.76794079365752
CYP2C19,GSTP1,-0.7282754386741886
SULT1A1,UGT2B15,0.9100245639895997
SRC,UNC5D,-0.8552609165104668
EIF4A3,SNRPG,0.8302857841597109
FLOT2,LRFN3,0.8132949649420387
CTH,NOS2,-0.7336342627873403
IL2RA,TNFSF13B,0.9139670776182516
ACE,MGAM,0.910176884618494
CD19,HLA-DOB,0.7041108748714061
CXCL9,TLR8,0.7958551802768143
CNPY3,TLR8,0.704455806842305
TCL1A,VPREB3,0.8599968150925035
CR2,CXCL13,0.7943934115312271
GIT1,GRK2,0.9242785939775401
ESPL1,STIL,0.7344674442242975
CCL2,CTLA4,0.7098661479249915
CHUK,HSPA1A,-0.8126552721460734
PTGS2,TNFAIP6,0.711948577714544
CXCL13,LTB,0.7723344078700429
CD28,CD83,0.7353259019542633
MS4A1,NIBAN3,0.9491727346545494
EIF1AY,PCDH11Y,0.7815938325184663
ARHGAP4,WAS,0.960658706405224
ASF1B,MYBL2,0.8257569847586761
CCL11,CCL25,0.9246169956705682
SDC3,SRC,0.8386450385862686
CD19,POU2AF1,0.7713299035528369
CD38,CXCR4,0.7579817526704892
AKT1,CASP9,0.8557577851579695
GCG,RETNLB,0.933627525554871
CP,MFGE8,0.7278978184813029
KDM5D,USP9Y,0.967039353854835
APOC1,APOE,0.7311766821024022
CXCL1,TREM1,0.7842506593524281
IL15,IL15RA,0.7041312512901168
CYP4F2,PTGS2,-0.9106976828363779
BTLA,PTPRC,0.8273758259561077
HLA-DQB1,HLA-DRB1,0.9251461390073541
BMP4,ID1,-0.7053731494830243
CD22,TNFRSF13C,0.9694943122398985
SLC16A9,SLC17A1,-0.8282349606836301
ICOS,TNFRSF13C,0.7824902608895953
MMP2,TIMP1,0.8819599970453514
ABCA4,LRAT,-0.8121471554711034
AMN,APOA1,0.711071361954458
CASP9,MYC,0.8037141260206899
NT5E,THY1,-0.9452972427424585
ATXN2L,SNRPN,0.8001749046641133
ACE2,DPP4,0.901208956922831
TLR8,TNFSF13B,0.7566062462002615
EIF1AY,KDM5D,0.7892601580738057
FCGR2B,ITGB2,0.7073720349685791
DERA,PGAM1,0.7414534921085132
CCL21,LTA,0.7554280052627825
CXCL5,CXCR1,-0.793640378917017
PCDH11Y,ZFY,0.8621129502531184
MT1G,MT1H,0.8272242972144191
CASP8,CHUK,0.9234674829381421
APOB,FN1,-0.7171246572846663
GNAI1,S1PR1,-0.8735855310876552
CD27,CD7,0.7423483186415687
BTK,CD5,0.7397508166743793
NPY,SST,0.8582508242723965
SELL,TNF,0.7654245357775251
CD79A,POU2AF1,0.8893977648510766
CCL11,IL15,-0.7464215024050683
SPI1,TNF,0.8022999720720265
FCRL5,POU2AF1,0.8489800075074313
CYP2C19,UGT2B17,-0.9958704751661767
CD4,DPP4,-0.8201660023642334
CD48,SH2D1A,0.7987780640192351
FOS,IRF8,0.8161737580012475
COL18A1,FN1,0.8295113323265313
DNAJB9,MANF,0.8797129198022353
CD69,NAALADL1,-0.7606063767367177
KYNU,TDO2,0.8475340293869582
BTLA,CD22,0.7628918884501494
CCL11,CXCL5,0.7800719542851648
HSPB1,SRC,0.7010308152815528
EDN2,HCAR2,-0.768677170219537
BGN,BMP4,0.767396082985575
AKT1,RGCC,0.8132211078829115
CD28,ITGAX,0.7691080369096367
HLA-DQA2,HLA-DQB1,-0.7872312350404411
MT1F,MT1M,0.8297900681394608
CCR7,TCF7,0.8668028445866267
ACE2,NTS,0.8801644411654742
CYP2C19,UGT2B15,0.97786669488729
NPY,SSTR1,0.7979900911051402
CYP2C18,CYP2C19,0.8970636316046032
CCL19,CCL21,0.8634903386807435
EBF1,POU2AF1,0.7213164422033966
CYP2C18,GSTP1,-0.774666064002256
CXCL9,IL2RA,0.7909155453777843
HSPBP1,IMP3,0.7271537038499328
MMP2,MMP7,0.8997361268543915
FN1,POSTN,-0.8198722896307366
CD40,IL21R,0.8030164349727718
MT-ATP8,MT-ND6,0.8598282218437237
CR1,FCGR2B,0.7859128287566799
LTA,TNFRSF13C,0.8931000238494433
FN1,MMP12,0.8719104780680309
AIM2,TLR8,0.7017864585574349
CCL25,CXCR1,-0.8743637926553682
CD3E,NKG7,0.7897118175123501
CHAC1,GSTP1,0.7577434572648484
LILRB4,PTPN6,0.7989962366673456
CCR7,TIGIT,0.8052699088600164
CD37,UPK3A,-0.7252600358119985
CCL21,CCL23,0.8316387478305617
CCL18,CXCR4,0.7676487882385126
C6,C8G,0.7731379240618602
FCRL1,FCRL2,0.8368237105953804
LPCAT4,PNPLA6,-0.7076602262158711
CYP3A4,UGT2B17,-0.858091549123727
PWP2,RPS7,-0.8990143993890267
FN1,TGFB1,0.7949282772151468
MRPL13,RPL26,-0.7511709294272069
HSD3B1,HSD3B2,0.9907652746676697
CRTC2,GCG,-0.9912904614778462
CD79A,IGLL5,0.808640892336299
CXCL9,PTPRC,0.8125218465459804
FN1,SERPINF1,0.794487683875951
CYP4F3,PLA2G2A,-0.8305417272030039
MCEMP1,S100A12,0.7159380122443895
IL16,IL2RA,0.7390292396212707
PLEK,RAC2,0.7519412152812582
MMP7,TCN1,0.8477515027085789
COL18A1,MMP7,0.7700141018979083
CUBN,PLB1,0.8792271620097468
SULT1A1,UGT2B7,0.9143899809370915
LTA,PTPRC,0.714243047029831
EBF1,LEF1,0.7170614878205257
CYP3A4,UGT2B15,0.7129634878017254
CD3E,IL2RG,0.7667463043475706
IL21R,JAK3,0.8890995844318618
HSPB1,STIP1,0.9050179179772416
GAS6,SRC,-0.7560494210306942
HSD3B2,UGT2B17,-0.9841570085260846
SLC2A2,SLC5A1,-0.8418009165427968
KAT2B,RB1,0.8496340172387099
C1QBP,KRT1,-0.9090546669586542
CD40LG,TNFSF13B,0.7078978546240859
SLC35A2,SULT1A1,0.7976668696662735
NUP37,THOC3,0.8262195928040652
CD22,CD79B,0.958876398257004
ACE,APOB,0.7793955091035589
RUNX2,SPI1,0.7449379539221763
CDH1,RPL30,-0.7286762659082034
ALDH18A1,CPS1,0.8358316723943766
MMP12,TIMP1,0.7749943819973284
HSD3B2,UGT2B15,0.9777465307374634
ALDOB,TKT,-0.8530310501232007
CD19,TNFSF13B,0.7805312956122061
LGALS9C,PTPRC,0.703361730622908
CYP2C18,UGT2B17,-0.937881150528641
CD38,ITGAL,0.7605470392820267
CD38,FCRL5,0.823308508759967
CD36,CD4,-0.7632332375106822
KLF2,S1PR1,0.9532731340186792
HLA-DQA1,HLA-DRB1,0.9822683162258671
CYP7B1,HSD3B2,-0.8317422199847692
CLIP2,FKBP10,0.7542848605640943
EEF1A1,HLA-DRB1,-0.858682768074605
GIP,NTS,-0.7078795650723951
CYP2C18,GSTA2,0.8470815910205829
CCL4L2,CXCL1,0.7885336865611926
KLF2,SELL,0.8052257601211693
RPL26,SPCS2,-0.9324959762745919
CCL2,CCN1,0.7018856762119767
TMSB4Y,UTY,0.8254638412384617
FABP6,SLC51B,0.7397679836236052
CD48,TNF,0.7502615329015482
IL2RB,SOCS1,0.7759231220387659
HCAR2,NPY,-0.7012756907411045
BANK1,MS4A1,0.9010610405480508
FGF19,NTRK2,0.8475192518367692
DEPTOR,SGK1,-0.95998380181384
FCRL5,FCRLA,0.7565711322430645
FABP2,FABP6,0.925141329355803
CCL19,CCL23,0.8752822871697766
MT1F,MT1H,0.9363641630347136
SPIB,TNFRSF13C,0.9382710582787087
IPO4,LOC102724159,-0.8997935212645717
CCR7,CD6,0.9170491047201607
CD36,FN1,-0.8695468526287576
CCL18,CXCL3,0.8146430436555135
CHAC1,GSTA2,-0.9105273394651557
C1QC,C2,0.866211944192726
CASP8,MYC,0.7204318572377683
DPP4,SLC2A2,0.8579645989781929
CD4,CD79A,0.8817783799823794
GNAI1,KCNJ3,0.7494613425623239
MMP2,SRC,0.8125284074175865
BATF,SPIB,0.7274060488428253
LEF1,RUNX2,0.7007016628182544
BGN,PCOLCE,0.8877438790844037
AADAC,TDO2,-0.8711808294807912
CD79A,FCRL5,0.7982271745301786
CCL4,CXCL9,0.7137162767408854
CXCL1,TNFRSF12A,-0.9017260500349196
ACSL1,DGAT2,0.7431156910139292
NBPF11,NBPF12,0.8227279829356469
CD79A,TNFSF13B,0.9294296169003199
FOS,KLF4,0.7290195452574199
CCL15,CXCL1,0.7793322098912067
FCMR,FCRLA,0.9319283260733253
MMP12,MMP7,0.902028606311624
AREG,NTRK2,-0.7241668550620076
CXCL1,IL15,-0.7739393327076263
PLEK,SPI1,0.8485131044319921
NPY,SRC,-0.8696806305520375
PGAM1,PRDX3,0.8701321493595415
S100A12,S100A9,0.7213243151095908
MMP2,MYC,0.8167074541775554
ACE2,PDZK1,0.9113198025230992
GNE,PODXL,0.9239875073043812
MMP2,TNF,0.7972738317464187
CXCL2,CXCR1,-0.7178215996476208
BGN,POSTN,-0.889916365605683
CD4,CD7,0.8043218352547131
MYC,RUNX2,0.7531755365986951
CDH1,CDH3,-0.7831141738180777
KLF2,MYC,0.7978280737126897
ACE2,XPNPEP2,0.8134401441087471
ACE2,CD4,-0.8044915543620091
NIBAN3,VPREB3,0.877629844307241
CCL19,LAMP3,0.7051773158309768
AGMO,FA2H,0.8113671922927405
CD79B,HLA-DOB,0.8430586185138372
CXCL1,CXCL2,0.7140001840738348
GNG2,RAC2,0.7433223153919465
CXCR4,RHOH,0.8479053913046841
CD28,PTPRC,0.8173120401012495
CR1,ITGAL,0.8186092650202415
PKM,RPS4Y1,0.7741568681476174
CCR7,FCGR2B,0.7454499736602089
TUBA4A,TUBB4B,0.8220619581234964
SEC61B,SEC61G,0.8170118526306633
CD28,SELL,0.8175431435075076
CCR7,CXCL13,0.8620993590450325
SDHB,SDHD,0.8106962307176911
SELL,TIGIT,0.8266667930451077
EEF1A1,RPS10,-0.7122534313960316
ADAMTS4,FN1,0.8497295993396444
RPS10,RPS4Y1,0.7499825873930593
AKR1C1,DHRS9,0.8894194869796276
ACE2,IGLL5,-0.7608127018457792
CD28,NFATC1,0.7553833900336965
FADS2,PLA2G2A,0.8676982624371886
LPCAT4,PLB1,0.717555236867121
GNG2,NPY,-0.847435187506577
CD79B,FCGR2B,0.7350103591957602
CXCR4,ITGAL,0.7746605833961137
CD40,LTA,0.7048386531986007
FCRLA,NIBAN3,0.8165302382629042
BMP4,IHH,0.8353248275892404
ESPL1,MYBL2,-0.7946693701173222
IMP3,POLR2E,0.7173058743800707
CD24,CD38,0.7194430549399382
CETP,CLU,0.7156296434347481
CCL4,CXCL10,0.7201979923066911
DDX3Y,TMSB4Y,0.9279706432958325
CYP2C19,PLA2G2A,-0.874373664544855
CD22,VPREB3,0.9624989367722038
RPS4X,UBA1,0.9486587265257637
GPR183,S1PR1,0.9306996304962961
ALDOB,FABP1,0.9327990238072427
CD4,GPR183,0.7412956949369487
EEF1D,RPS7,0.8068188462388156
CUBN,TCN1,-0.8954331425714541
HLA-DRB1,TNF,0.8609581645566232
CD4,HLA-DRB1,0.7754695101725587
CD79A,PTPN6,0.7111842485431651
CCL11,PTGS2,0.8751475397552562
MASP1,SERPING1,0.8317157933995679
RPS4Y1,TMSB4Y,0.8876357038006626
GZMB,KLF2,0.7459780319211292
CXCL6,CXCR1,-0.9636974280130082
LPCAT1,PLA2G2A,0.852614642386625
CD6,ITGAL,0.8325088427685043
ATP5MGL,MT-ATP8,0.7254971978319643
FN1,THY1,0.9591993540517537
FCRL2,MS4A1,0.8629027355136203
MMP7,TIMP1,0.8307989285845051
TIMP1,TNF,0.7644624415075847
IL2RA,TIGIT,0.7806829912403822
INPP5D,PIK3CD,0.8092952266750884
CD28,CD40LG,0.7027475778729483
ACE,MME,0.8317717264431337
CYP2C19,UGT2A3,0.8367991212583137
PTGS2,SRC,0.8215639291397895
GUCA2A,GUCA2B,0.972438792008718
HSD3B2,UGT2B7,0.9864474725601893
GUCA2B,TMIGD1,0.8814895616513654
PRDX3,TXN,0.9722228739413905
CD28,TNF,0.7500461998553694
AKR1C1,UGT2B15,0.9779996610114079
CD53,THEMIS2,0.7220861409118916
MS4A1,SPIB,0.8856587536635183
SLC35A2,UGT2B17,-0.9709440355781043
CYBA,MMP2,0.9039674113894357
TBC1D10C,TRAF3IP3,0.752211142819482
CDH1,FXYD5,-0.8658904643699938
CLDN15,CLDN23,-0.7259884096735346
FABP1,G0S2,0.9115021203242202
GCG,GIP,-0.7677709238988216
ABCG8,NR0B2,0.9252296162679158
CDA,DERA,0.764232125244544
GSTA1,MGST3,0.7947131875991126
CD79A,NT5E,-0.9303297503343645
CYP2C19,CYP4F2,0.9470007542435436
CD22,CR2,0.9542690266023409
MRPL32,MRPL36,0.8282457565949582
IPO4,PWP2,0.9324796259216268
CD36,DGAT2,-0.7063420574352232
CD4,LGALS9C,0.8677630885859673
NFKB2,TNFSF13B,-0.7416333312720699
ACKR1,CCL11,0.8202127123144378
MYBL2,MYC,0.7326408818330165
ACE,TNF,-0.7503263678597683
APOC3,FABP1,0.7065473367736128
FERMT3,PLEK,0.7057751987047346
COL17A1,COL18A1,-0.7658048133196774
ITGB2,RASSF5,0.8968647314983167
MMP12,TNF,0.8830090747510869
CCR7,CR2,0.8710375015485051
AKR1B10,DHRS9,0.7782837340446933
EIF1AY,SELENOP,-0.8553592002905811
CCL11,IL33,0.721046641429565
BTLA,MS4A1,0.7603625356684943
TNF,TNFSF13B,0.7822536224869525
MS4A1,PAX5,0.9803792693950746
HSD3B1,UGT2A3,0.7878495040527058
PDZK1,SLC17A1,0.9791175787104635
ITGB2,VCAM1,0.9265920311052165
CD4,PTGS2,0.7850214511738861
HLA-C,HLA-DQA1,-0.8313275501195724
CR1,ITGAX,0.8124486290227055
HBA1,RPS4Y1,0.86566536988226
ANPEP,NAT8,0.953256991008561
SEC61G,SPCS2,0.9335737912755162
RASAL3,TBC1D10C,0.7980857107994959
CCL25,CCL4,0.7688856213226902
CYFIP2,NHSL2,0.7288970811830945
CCL18,CXCL9,0.8577921824813117
P2RY8,PAX5,0.840283200982214
APOE,PRMT1,0.7940070327455523
CXCL13,CXCR4,0.7490215510640784
LYPD8,ZG16,0.7354329615234919
CD79B,CR2,0.901222962149484
DPP4,PYY,0.7427564131882197
CD177,COL18A1,0.7287593640839221
EEF1A1,RPS4Y1,-0.8268066611307899
FAM3C,HLA-C,0.7556459645190515
ACE,ENPEP,0.8418895846708542
MT1G,MT1X,0.8396827176290768
GSTP1,MGST3,-0.7084411900435474
ABCG5,NR0B2,0.9629450822296279
GCG,NPY,0.9383929763379657
USP9Y,ZFY,0.9435848125564491
DPP4,TIMP1,-0.8820437850819124
ACTN4,PIP4K2C,-0.7298356855274493
HSPBP1,RPLP0,0.830726707253259
CD4,TNFSF13B,0.7593943439227777
SULT1A1,SULT2A1,0.8384728813656865
H1-5,H2AC14,0.883065149210101
CYP2C19,CYP4F3,0.9736507976010028
TLR8,TNF,0.8141508994938863
CXCR4,ITGAX,0.7254761885737662
CD53,FCGR2B,0.7827705839690444
CR2,TNFRSF13C,0.9341849667777947
PLA2G2A,PLB1,-0.7734023251094503
CD79B,RHOH,0.8258755237823744
CCR7,ITGAL,0.8509496636171541
CD79B,FCRLA,0.7553455589783791
CDH1,CLDN18,-0.8462918957785422
CCL2,IL2RB,0.7428625737788404
FGR,ITGB2,0.7124259370090592
CCR7,ICOS,0.7598046788047954
FN1,MMP2,0.9641755102292554
PYY,SST,0.8853019670023938
CDH1,MMP2,-0.8893027992121956
GSTA2,MEP1B,0.9783360701902376
CXCL3,TNF,0.7827753599202008
CYP2C18,UGT2A3,0.7342000019866554
CD4,TYROBP,0.9129081579733225
FN1,TNFAIP6,0.8296747082677343
NT5E,RUNX2,-0.8080599258558215
CTLA4,ITGAX,0.7177750979557115
CD28,CD48,0.8319465717594045
ATP5MF,MT-ATP8,0.7394499949224679
CCL11,CCL18,0.8689834304942194
RETNLB,TNF,-0.7972398426429536
BTK,PTPRC,0.7084271209076215
CDH1,MGAT3,0.9033598964124293
CD4,SPI1,0.7904408296736115
MT1H,MT1M,0.7648045288225617
CCR7,CD83,0.9138434701596979
ACTN4,FN1,0.7275941378165225
EEF1A1,PKM,-0.701520322573738
CSF2RB,IL11,-0.7969271493081795
FGF19,SLC51B,0.8357813252978931
CXCL1,SOCS3,0.795520089476118
CD48,PRAP1,-0.7601417496542021
TRPM6,TRPV3,0.8906792692882346
ITGAX,TNFRSF9,0.7178051441024104
POSTN,TNF,-0.7471716965811696
DDX3Y,RPS4Y1,0.8710016499221578
RPL41,RPLP0,0.9260799313269156
BACH2,PAX5,0.917728930439231
CD5,PAX5,0.918565393072169
CCL25,CXCL2,0.8573937988057433
APOB,FABP2,0.7850163199355875
LGALS9C,SLC2A2,-0.953806516527818
CD79A,ID3,-0.9334672732202663
DERA,PKLR,0.8792852309882462
CDH1,S100A8,-0.7232907338297317
AKR1C1,UGT2B7,0.9869829515122803
CD28,TNFRSF9,0.7714475509795525
CCL11,CXCL3,0.8624581791788787
TMSB4Y,USP9Y,0.9483193137233193
CCL4,CCL4L2,0.7261729272720068
ACE,SLC15A1,0.8267751821040004
RPS28,RPS4Y1,0.7899348342888839
CD36,MFGE8,-0.7977322539503775
CCL4,CXCL5,0.7481758142351174
INTS14,INTS6L,0.7901862407257302
TONSL,VPS28,-0.80015816085607
FN1,MADCAM1,0.7900737961330214
ICOS,IL21R,0.7933197472616182
GRIA4,PPP1CA,-0.8305614686423372
CD19,TIGIT,0.7464788614939852
CYP4F2,PLB1,0.821883496622045
ACE2,ANPEP,0.8416622976287206
CXCL1,TNFAIP6,0.7595004411087916
CD40,TRAF1,0.758881491701019
EOMES,PTPRC,0.7274512531220639
NT5E,TNF,-0.7907656943125041
FXYD5,FXYD6,0.8609011772995757
CD38,TIGIT,0.8519952129162739
DEFA6,REG3A,0.9064596706434186
CCR7,IL21R,0.9154763610753069
MT-ND6,NDUFA13,0.8604206156169735
MMP7,TNF,0.808361608550187
CD5,MS4A1,0.9202795684730974
CD19,CD40LG,0.7085278078243409
GCH1,PTS,0.871912282113516
DPP4,FOLH1,-0.728769814593565
HLA-C,HLA-DQA2,0.834640305510408
FADS2,PLB1,-0.8981195760322491
CDH1,RPS4Y1,-0.8713699682029493
FLRT2,UNC5D,-0.7179320457075082
LCN2,PDZK1IP1,0.8732991831858334
TNF,TREM1,0.7569917021325112
CXCL1,IL33,0.7168470510575705
AQP10,AQP7,-0.8941350400348258
ACE,DPP4,0.7275700908036107
MGST3,PTGES,-0.8369604756166927
PALM,ZDHHC8,-0.717019740632038
GZMB,TUBAL3,-0.8150303611388122
PCDH11Y,TMSB4Y,0.8857360951499219
CUBN,GPD1,0.972376531161082
CYP2C19,PLB1,0.8854495067399782
DPP4,MEP1B,0.7934491981061119
APOE,CD4,0.8493396302769426
FN1,GP1BA,0.7183058924093205
MT1G,MT1M,0.8748078872676764
RPL26,RPLP0,0.7810545075592037
EIF4A3,EIF4H,0.7713001486260987
BGN,MMP2,0.9590691496091218
CR1,PTPRC,0.8729651952740284
DPP4,MME,0.9001312173315484
QTRT1,TRUB1,-0.8048969600718686
PTGS2,TGFB1,0.7043955188457648
ACE,SERPING1,-0.8777021961949139
GCG,PYY,0.9287959016192876
ABCA4,CDHR1,-0.8978261048387938
IMP3,RPS4X,0.7778933199629375
ICOS,ITK,0.8033999405772924
CCL19,CXCL13,0.8038637770250846
CD38,CD79B,0.7180570447658852
ANPEP,CD36,0.8775424132008444
LOC102724159,RPS28,-0.7112953331197502
GNAI1,SSTR1,0.7519216703625536
SNRPA1,SNRPG,0.9417786820604425
CYP2J2,CYP3A4,0.7021558142204936
SNRPA1,SNRPN,-0.7368152499094002
CXCR4,PTPRC,0.7786290532063253
FN1,TIMP1,0.804446787959007
RPL26,SEC61G,-0.812975695328418
APOA1,APOA4,0.8607860679546484
ANPEP,CTH,0.9625263285660378
RPLP0,RPS4X,0.8735561313681441
CCL18,CXCL11,0.7214412234632376
CCL25,CXCL1,0.9437608791128316
CLEC2D,TIGIT,0.8615394899039193
APOB,APOBEC3A,-0.7079640649831264
CA9,CDH1,-0.8705318021577418
NT5E,PNP,-0.7209221916011108
CCR7,ITK,0.8301705717491966
MT1E,MT1M,0.7438121578771926
CSF2RB,SPI1,0.8606469038569825
PPIL1,SF3B4,0.752756077664833
IRF4,PTPRC,0.7096408016731119
SELL,TYROBP,0.705491827990957
CD38,CD6,0.7156433852364882
CCL18,CCL25,0.9308323612104816
APOB,PLA2G12B,0.8831964776669029
AGXT2,BCAT1,0.89123027186111
CD6,PTPRC,0.7989568185523556
ALYREF,PRMT1,-0.7510642820751462
CCL18,CXCL6,0.7735347777727065
DDX3Y,PCDH11Y,0.8461624643099934
SLC15A1,SLC5A1,-0.9625185332352293
CXCL9,GZMB,0.7752846381555603
GSTP1,GSTZ1,0.7987235783154173
CDK16,UBA1,0.8415299982593479
SLC2A2,TRUB1,0.7441280041328729
C3,CR2,0.7752535954804486
RUNX2,THY1,0.8023738731996147
RPL39,RPS7,0.7948969570119498
BTLA,CD28,0.7565418703291317
CD40LG,CD48,0.7114757053440321
CYP2J2,PLA2G2A,-0.7648275762365447
MYC,POU5F1B,-0.9449139202008887
